{
  "DLSVersion": "2.1.6",
  "Name": "TRIPLE 7-SEGMENT",
  "NameLocation": 2,
  "ChipType": 0,
  "Size": {
    "x": 3.45,
    "y": 1.875
  },
  "Colour": {
    "r": 0.2117608,
    "g": 0.107071221,
    "b": 0.1236237,
    "a": 1
  },
  "InputPins":[
    {
      "Name":"IN",
      "ID":683983454,
      "Position":{
        "x":-2.75,
        "y":-0.3125
      },
      "BitCount":8,
      "Colour":0,
      "ValueDisplayMode":1
    }
  ],
  "OutputPins":[],
  "SubChips":[
    {
      "Name":"ROM 256×16",
      "ID":164701625,
      "Label":"",
      "Position":{
        "x":0.01,
        "y":-0.3125
      },
      "OutputPinColourInfo":[{"PinColour":0,"PinID":1},{"PinColour":0,"PinID":2}],
      "InternalData":[0,0,0,0,0,0,0,0,0,0,0,0,0,0,0,0,0,0,0,0,0,0,0,0,0,0,0,0,0,0,0,0,0,0,0,0,0,0,0,0,0,0,0,0,0,0,0,0,0,0,0,0,0,0,0,0,0,0,0,0,0,0,0,0,0,0,0,0,0,0,0,0,0,0,0,0,0,0,0,0,0,0,0,0,0,0,0,0,0,0,0,0,0,0,0,0,0,0,0,0,96,96,96,96,96,96,96,96,96,96,96,96,96,96,96,96,96,96,96,96,96,96,96,96,96,96,96,96,96,96,96,96,96,96,96,96,96,96,96,96,96,96,96,96,96,96,96,96,96,96,96,96,96,96,96,96,96,96,96,96,96,96,96,96,96,96,96,96,96,96,96,96,96,96,96,96,96,96,96,96,96,96,96,96,96,96,96,96,96,96,96,96,96,96,96,96,96,96,96,96,218,218,218,218,218,218,218,218,218,218,218,218,218,218,218,218,218,218,218,218,218,218,218,218,218,218,218,218,218,218,218,218,218,218,218,218,218,218,218,218,218,218,218,218,218,218,218,218,218,218,218,218,218,218,218,218]
    },
    {
      "Name":"ROM 256×16",
      "ID":1441644178,
      "Label":"",
      "Position":{
        "x":5.385,
        "y":-0.3125
      },
      "OutputPinColourInfo":[{"PinColour":0,"PinID":1},{"PinColour":0,"PinID":2}],
      "InternalData":[0,0,0,0,0,0,0,0,0,0,96,96,96,96,96,96,96,96,96,96,218,218,218,218,218,218,218,218,218,218,242,242,242,242,242,242,242,242,242,242,102,102,102,102,102,102,102,102,102,102,182,182,182,182,182,182,182,182,182,182,190,190,190,190,190,190,190,190,190,190,224,224,224,224,224,224,224,224,224,224,254,254,254,254,254,254,254,254,254,254,246,246,246,246,246,246,246,246,246,246,0,252,252,252,252,252,252,252,252,252,96,96,96,96,96,96,96,96,96,96,218,218,218,218,218,218,218,218,218,218,242,242,242,242,242,242,242,242,242,242,102,102,102,102,102,102,102,102,102,102,182,182,182,182,182,182,182,182,182,182,190,190,190,190,190,190,190,190,190,190,224,224,224,224,224,224,224,224,224,224,254,254,254,254,254,254,254,254,254,254,246,246,246,246,246,246,246,246,246,246,252,252,252,252,252,252,252,252,252,252,96,96,96,96,96,96,96,96,96,96,218,218,218,218,218,218,218,218,218,218,242,242,242,242,242,242,242,242,242,242,102,102,102,102,102,102,102,102,102,102,182,182,182,182,182,182]
    },
    {
      "Name":"8-1BIT",
      "ID":1258663165,
      "Label":"",
      "Position":{
        "x":1.6975,
        "y":-0.5625
      },
      "OutputPinColourInfo":[{"PinColour":0,"PinID":1},{"PinColour":0,"PinID":2},{"PinColour":0,"PinID":3},{"PinColour":0,"PinID":4},{"PinColour":0,"PinID":5},{"PinColour":0,"PinID":6},{"PinColour":0,"PinID":7},{"PinColour":0,"PinID":8}],
      "InternalData":null
    },
    {
      "Name":"7-SEGMENT",
      "ID":480073196,
      "Label":"",
      "Position":{
        "x":3.26,
        "y":-0.5625
      },
      "OutputPinColourInfo":[],
      "InternalData":null
    },
    {
      "Name":"8-1BIT",
      "ID":1361219465,
      "Label":"",
      "Position":{
        "x":7.0725,
        "y":-0.5625
      },
      "OutputPinColourInfo":[{"PinColour":0,"PinID":1},{"PinColour":0,"PinID":2},{"PinColour":0,"PinID":3},{"PinColour":0,"PinID":4},{"PinColour":0,"PinID":5},{"PinColour":0,"PinID":6},{"PinColour":0,"PinID":7},{"PinColour":0,"PinID":8}],
      "InternalData":null
    },
    {
      "Name":"7-SEGMENT",
      "ID":1732457461,
      "Label":"",
      "Position":{
        "x":8.635,
        "y":-0.5625
      },
      "OutputPinColourInfo":[],
      "InternalData":null
    },
    {
      "Name":"8-1BIT",
      "ID":60143631,
      "Label":"",
      "Position":{
        "x":12.4475,
        "y":-0.625
      },
      "OutputPinColourInfo":[{"PinColour":0,"PinID":1},{"PinColour":0,"PinID":2},{"PinColour":0,"PinID":3},{"PinColour":0,"PinID":4},{"PinColour":0,"PinID":5},{"PinColour":0,"PinID":6},{"PinColour":0,"PinID":7},{"PinColour":0,"PinID":8}],
      "InternalData":null
    },
    {
      "Name":"7-SEGMENT",
      "ID":1976258490,
      "Label":"",
      "Position":{
        "x":14.01,
        "y":-0.625
      },
      "OutputPinColourInfo":[],
      "InternalData":null
    },
    {
      "Name":"ROM 256×16",
      "ID":399467812,
      "Label":"",
      "Position":{
        "x":10.76,
        "y":-0.375
      },
      "OutputPinColourInfo":[{"PinColour":0,"PinID":1},{"PinColour":0,"PinID":2}],
      "InternalData":[252,96,218,242,102,182,190,224,254,246,252,96,218,242,102,182,190,224,254,246,252,96,218,242,102,182,190,224,254,246,252,96,218,242,102,182,190,224,254,246,252,96,218,242,102,182,190,224,254,246,252,96,218,242,102,182,190,224,254,246,252,96,218,242,102,182,190,224,254,246,252,96,218,242,102,182,190,224,254,246,252,96,218,242,102,182,190,224,254,246,252,96,218,242,102,182,190,224,254,246,252,96,218,242,102,182,190,224,254,246,252,96,218,242,102,182,190,224,254,246,252,96,218,242,102,182,190,224,254,246,252,96,218,242,102,182,190,224,254,246,252,96,218,242,102,182,190,224,254,246,252,96,218,242,102,182,190,224,254,246,252,96,218,242,102,182,190,224,254,246,252,96,218,242,102,182,190,224,254,246,252,96,218,242,102,182,190,224,254,246,252,96,218,242,102,182,190,224,254,246,252,96,218,242,102,182,190,224,254,246,252,96,218,242,102,182,190,224,254,246,252,96,218,242,102,182,190,224,254,246,252,96,218,242,102,182,190,224,254,246,252,96,218,242,102,182,190,224,254,246,252,96,218,242,102,182]
    }
  ],
  "Wires":[
    {
      "SourcePinAddress":{
        "PinID":0,
        "PinOwnerID":683983454
      },
      "TargetPinAddress":{
        "PinID":0,
        "PinOwnerID":164701625
      },
      "ConnectionType":0,
      "ConnectedWireIndex":-1,
      "ConnectedWireSegmentIndex":-1,
      "Points":[{"x":0.0,"y":0.0},{"x":0.0,"y":0.0}]
    },
    {
      "SourcePinAddress":{
        "PinID":1,
        "PinOwnerID":1258663165
      },
      "TargetPinAddress":{
        "PinID":0,
        "PinOwnerID":480073196
      },
      "ConnectionType":0,
      "ConnectedWireIndex":-1,
      "ConnectedWireSegmentIndex":-1,
      "Points":[{"x":0.0,"y":0.0},{"x":0.0,"y":0.0}]
    },
    {
      "SourcePinAddress":{
        "PinID":2,
        "PinOwnerID":1258663165
      },
      "TargetPinAddress":{
        "PinID":1,
        "PinOwnerID":480073196
      },
      "ConnectionType":0,
      "ConnectedWireIndex":-1,
      "ConnectedWireSegmentIndex":-1,
      "Points":[{"x":0.0,"y":0.0},{"x":0.0,"y":0.0}]
    },
    {
      "SourcePinAddress":{
        "PinID":3,
        "PinOwnerID":1258663165
      },
      "TargetPinAddress":{
        "PinID":2,
        "PinOwnerID":480073196
      },
      "ConnectionType":0,
      "ConnectedWireIndex":-1,
      "ConnectedWireSegmentIndex":-1,
      "Points":[{"x":0.0,"y":0.0},{"x":0.0,"y":0.0}]
    },
    {
      "SourcePinAddress":{
        "PinID":4,
        "PinOwnerID":1258663165
      },
      "TargetPinAddress":{
        "PinID":3,
        "PinOwnerID":480073196
      },
      "ConnectionType":0,
      "ConnectedWireIndex":-1,
      "ConnectedWireSegmentIndex":-1,
      "Points":[{"x":0.0,"y":0.0},{"x":0.0,"y":0.0}]
    },
    {
      "SourcePinAddress":{
        "PinID":5,
        "PinOwnerID":1258663165
      },
      "TargetPinAddress":{
        "PinID":4,
        "PinOwnerID":480073196
      },
      "ConnectionType":0,
      "ConnectedWireIndex":-1,
      "ConnectedWireSegmentIndex":-1,
      "Points":[{"x":0.0,"y":0.0},{"x":0.0,"y":0.0}]
    },
    {
      "SourcePinAddress":{
        "PinID":6,
        "PinOwnerID":1258663165
      },
      "TargetPinAddress":{
        "PinID":5,
        "PinOwnerID":480073196
      },
      "ConnectionType":0,